Afghanistan,AFG,https://en.wikipedia.org/wiki/Afghanistan,https://upload.wikimedia.org/wikipedia/commons/0/0a/National_Anthem_of_Afghanistan_%28Instrumental%29.ogg,https://upload.wikimedia.org/wikipedia/commons/thumb/1/19/Afghanistan_%28orthographic_projection%29.svg/800px-Afghanistan_%28orthographic_projection%29.svg.png
�land Islands,ALA,https://en.wikipedia.org/wiki/%C3%85land_Islands,,https://upload.wikimedia.org/wikipedia/commons/thumb/e/ee/Ahvenanmaa_sijainti_Suomi.svg/800px-Ahvenanmaa_sijainti_Suomi.svg.png
Albania,ALB,https://en.wikipedia.org/wiki/Albania,https://upload.wikimedia.org/wikipedia/commons/5/52/Hymni_i_Flamurit_instrumental.ogg,https://upload.wikimedia.org/wikipedia/commons/thumb/e/e4/Location_Albania_Europe.png/1024px-Location_Albania_Europe.png
Algeria,DZA,https://en.wikipedia.org/wiki/Algeria,https://upload.wikimedia.org/wikipedia/commons/4/48/Kassaman_instrumental.ogg,https://upload.wikimedia.org/wikipedia/commons/thumb/2/23/Algeria_%28centered_orthographic_projection%29.svg/1024px-Algeria_%28centered_orthographic_projection%29.svg.png
American Samoa,ASM,https://en.wikipedia.org/wiki/American_Samoa,,https://upload.wikimedia.org/wikipedia/commons/thumb/9/99/American_Samoa_on_the_globe_%28Polynesia_centered%29.svg/1024px-American_Samoa_on_the_globe_%28Polynesia_centered%29.svg.png
Andorra,AND,https://en.wikipedia.org/wiki/Andorra,https://upload.wikimedia.org/wikipedia/commons/5/5b/El_Gran_Carlemany.ogg,https://upload.wikimedia.org/wikipedia/commons/thumb/1/12/Location_Andorra_Europe.png/1024px-Location_Andorra_Europe.png
Angola,AGO,https://en.wikipedia.org/wiki/Angola,https://upload.wikimedia.org/wikipedia/en/d/d0/Angola%27s_national_anthem%2C_performed_by_the_United_States_Navy_Band_%28March_1996_arrangement%29.ogg,https://upload.wikimedia.org/wikipedia/commons/thumb/8/89/Angola_%28orthographic_projection%29.svg/1024px-Angola_%28orthographic_projection%29.svg.png
Anguilla,AIA,https://en.wikipedia.org/wiki/Anguilla,https://upload.wikimedia.org/wikipedia/commons/d/de/United_States_Navy_Band_-_God_Save_the_Queen.ogg,https://upload.wikimedia.org/wikipedia/commons/thumb/d/df/Anguilla_in_United_Kingdom.svg/1920px-Anguilla_in_United_Kingdom.svg.png
Antarctica,ATA,https://en.wikipedia.org/wiki/Antarctica,,https://upload.wikimedia.org/wikipedia/commons/thumb/f/f2/Antarctica_%28orthographic_projection%29.svg/1024px-Antarctica_%28orthographic_projection%29.svg.png
Antigua and Barbuda,ATG,https://en.wikipedia.org/wiki/Antigua_and_Barbuda,https://upload.wikimedia.org/wikipedia/commons/2/27/Antigua_and_Barbuda_National_Anthem.ogg,https://upload.wikimedia.org/wikipedia/commons/thumb/2/21/ATG_orthographic.svg/800px-ATG_orthographic.svg.png
Argentina,ARG,https://en.wikipedia.org/wiki/Argentina,https://upload.wikimedia.org/wikipedia/commons/c/cd/Himno_Nacional_Argentino_instrumental.ogg,https://upload.wikimedia.org/wikipedia/commons/thumb/5/5f/ARG_orthographic_%28%2Ball_claims%29.svg/800px-ARG_orthographic_%28%2Ball_claims%29.svg.png
Armenia,ARM,https://en.wikipedia.org/wiki/Armenia,https://upload.wikimedia.org/wikipedia/commons/c/c7/Mer_Hayrenik_instrumental.ogg,https://upload.wikimedia.org/wikipedia/commons/thumb/9/96/Armenia_%28orthographic_projection%29.svg/800px-Armenia_%28orthographic_projection%29.svg.png
Aruba,ABW,https://en.wikipedia.org/wiki/Aruba,https://upload.wikimedia.org/wikipedia/commons/9/92/Aruba_Dushi_Tera_instrumental.ogg,https://upload.wikimedia.org/wikipedia/commons/thumb/8/8d/Aruba_in_its_region.svg/1920px-Aruba_in_its_region.svg.png
Australia,AUS,https://en.wikipedia.org/wiki/Australia,https://upload.wikimedia.org/wikipedia/commons/a/a6/U.S._Navy_Band%2C_Advance_Australia_Fair_%28instrumental%29.ogg,https://upload.wikimedia.org/wikipedia/commons/thumb/d/da/Australia_with_AAT_%28orthographic_projection%29.svg/600px-Australia_with_AAT_%28orthographic_projection%29.svg.png
Austria,AUT,https://en.wikipedia.org/wiki/Austria,https://upload.wikimedia.org/wikipedia/commons/7/7c/Land_der_Berge_Land_am_Strome_instrumental.ogg,https://upload.wikimedia.org/wikipedia/commons/thumb/9/9d/EU-Austria.svg/1024px-EU-Austria.svg.png
Azerbaijan,AZE,https://en.wikipedia.org/wiki/Azerbaijan,https://upload.wikimedia.org/wikipedia/commons/3/31/Azerbaijan_national_anthem_%28vocal_version%29.ogg,https://upload.wikimedia.org/wikipedia/commons/thumb/2/2d/Azerbaijan_with_Nagorno_Karabakh_region.svg/1024px-Azerbaijan_with_Nagorno_Karabakh_region.svg.png
Bahamas,BHS,https://en.wikipedia.org/wiki/The_Bahamas,https://upload.wikimedia.org/wikipedia/commons/6/62/National_anthem_of_the_Bahamas.oga,https://upload.wikimedia.org/wikipedia/commons/thumb/d/de/The_Bahamas_on_the_globe_%28Americas_centered%29.svg/800px-The_Bahamas_on_the_globe_%28Americas_centered%29.svg.png
Bahrain,BHR,https://en.wikipedia.org/wiki/Bahrain,https://upload.wikimedia.org/wikipedia/commons/2/21/Bahraini_Anthem.ogg,https://upload.wikimedia.org/wikipedia/commons/thumb/8/83/Map_of_Bahrain.svg/1920px-Map_of_Bahrain.svg.png
Bangladesh,BGD,https://en.wikipedia.org/wiki/Bangladesh,https://upload.wikimedia.org/wikipedia/commons/3/3b/Amar_Shonar_Bangla_instrumental.ogg,https://upload.wikimedia.org/wikipedia/commons/f/f2/Bangladesh_%28orthographic_projection%29.svg
Barbados,BRB,https://en.wikipedia.org/wiki/Barbados,https://upload.wikimedia.org/wikipedia/commons/7/73/In_Plenty_and_In_Time_of_Need_instrumental.ogg,https://upload.wikimedia.org/wikipedia/commons/thumb/a/a1/BRB_orthographic.svg/800px-BRB_orthographic.svg.png
Belarus,BLR,https://en.wikipedia.org/wiki/Belarus,https://upload.wikimedia.org/wikipedia/commons/f/f6/Belarusian_national_anthem%2C_performed_by_the_United_States_Navy_Band.mp3,https://upload.wikimedia.org/wikipedia/commons/thumb/7/70/Europe-Belarus_%28orthographic_projection%29.svg/800px-Europe-Belarus_%28orthographic_projection%29.svg.png
Belgium,BEL,https://en.wikipedia.org/wiki/Belgium,https://upload.wikimedia.org/wikipedia/commons/e/e8/La_Braban%C3%A7onne.oga,https://upload.wikimedia.org/wikipedia/commons/6/67/EU-Belgium.svg
Belize,BLZ,https://en.wikipedia.org/wiki/Belize,https://upload.wikimedia.org/wikipedia/commons/0/00/Land_of_the_Free_instrumental.ogg,https://upload.wikimedia.org/wikipedia/commons/thumb/4/43/BLZ_orthographic.svg/800px-BLZ_orthographic.svg.png
Benin,BEN,https://en.wikipedia.org/wiki/Benin,https://upload.wikimedia.org/wikipedia/commons/7/74/L%27Aube_Nouvelle.ogg,https://upload.wikimedia.org/wikipedia/commons/thumb/0/01/Benin_%28orthographic_projection_with_inset%29.svg/800px-Benin_%28orthographic_projection_with_inset%29.svg.png
Bermuda,BMU,https://en.wikipedia.org/wiki/Bermuda,https://upload.wikimedia.org/wikipedia/commons/d/de/United_States_Navy_Band_-_God_Save_the_Queen.ogg,https://upload.wikimedia.org/wikipedia/commons/thumb/a/ab/United_Kingdom_on_the_globe_%28Bermuda_special%29_%28Americas_centered%29.svg/800px-United_Kingdom_on_the_globe_%28Bermuda_special%29_%28Americas_centered%29.svg.png
Bhutan,BTN,https://en.wikipedia.org/wiki/Bhutan,,https://upload.wikimedia.org/wikipedia/commons/c/ce/Bhutan_%28orthographic_projection%29.svg
Bolivia (Plurinational State of),BOL,https://en.wikipedia.org/wiki/Bolivia,https://upload.wikimedia.org/wikipedia/commons/5/54/Himno_Nacional_de_Bolivia_instrumental.ogg,https://upload.wikimedia.org/wikipedia/commons/thumb/8/83/BOL_orthographic.svg/1024px-BOL_orthographic.svg.png
"Bonaire, Sint Eustatius and Saba ",BES,https://en.wikipedia.org/wiki/Caribbean_Netherlands,,https://upload.wikimedia.org/wikipedia/commons/thumb/f/ff/BES_islands_location_map.svg/1280px-BES_islands_location_map.svg.png
Bosnia and Herzegovina,BIH,https://en.wikipedia.org/wiki/Bosnia_and_Herzegovina,https://upload.wikimedia.org/wikipedia/en/d/dd/Bosnia_and_Herzegovina%27s_national_anthem.ogg,https://upload.wikimedia.org/wikipedia/commons/thumb/9/94/Europe-Bosnia_and_Herzegovina.svg/1280px-Europe-Bosnia_and_Herzegovina.svg.png
Botswana,BWA,https://en.wikipedia.org/wiki/Botswana,https://upload.wikimedia.org/wikipedia/commons/c/cb/United_States_Navy_Band_-_Fatshe_leno_la_rona.ogg,https://upload.wikimedia.org/wikipedia/commons/thumb/7/79/Botswana_%28centered_orthographic_projection%29.svg/1024px-Botswana_%28centered_orthographic_projection%29.svg.png
Bouvet Island,BVT,https://en.wikipedia.org/wiki/Bouvet_Island,,https://upload.wikimedia.org/wikipedia/commons/thumb/7/73/Bouvet_Island_on_the_globe_%28Antarctica_centered%29.svg/1024px-Bouvet_Island_on_the_globe_%28Antarctica_centered%29.svg.png
Brazil,BRA,https://en.wikipedia.org/wiki/Brazil,https://upload.wikimedia.org/wikipedia/commons/0/0d/Hino-Nacional-Brasil-instrumental-mec.ogg,https://upload.wikimedia.org/wikipedia/commons/thumb/b/bc/BRA_orthographic.svg/1024px-BRA_orthographic.svg.png
British Indian Ocean Territory,IOT,https://en.wikipedia.org/wiki/British_Indian_Ocean_Territory,,https://upload.wikimedia.org/wikipedia/commons/thumb/9/96/British_Indian_Ocean_Territory_in_United_Kingdom.svg/1280px-British_Indian_Ocean_Territory_in_United_Kingdom.svg.png
Brunei Darussalam,BRN,https://en.wikipedia.org/wiki/Brunei,https://upload.wikimedia.org/wikipedia/commons/b/b2/United_States_Navy_Band_-_Allah_Peliharakan_Sultan.oga,https://upload.wikimedia.org/wikipedia/commons/9/9c/Brunei_%28orthographic_projection%29.svg
Bulgaria,BGR,https://en.wikipedia.org/wiki/Bulgaria,https://upload.wikimedia.org/wikipedia/commons/4/4f/Mila_Rodino_instrumental.ogg,https://upload.wikimedia.org/wikipedia/commons/thumb/e/e9/EU-Bulgaria.svg/1280px-EU-Bulgaria.svg.png
Burkina Faso,BFA,https://en.wikipedia.org/wiki/Burkina_Faso,https://upload.wikimedia.org/wikipedia/commons/7/7e/Hymne_National_du_Burkina_Faso.ogg,https://upload.wikimedia.org/wikipedia/commons/8/86/Burkina_Faso_%28orthographic_projection%29.svg
Burundi,BDI,https://en.wikipedia.org/wiki/Burundi,,https://upload.wikimedia.org/wikipedia/commons/thumb/2/27/Burundi_%28orthographic_projection%29.svg/1024px-Burundi_%28orthographic_projection%29.svg.png
Cabo Verde,CPV,https://en.wikipedia.org/wiki/Cabo_Verde,https://upload.wikimedia.org/wikipedia/commons/b/b6/C%C3%A2ntico_da_Liberdade_%28instrumental%29.ogg,https://upload.wikimedia.org/wikipedia/commons/thumb/4/47/Cape_Verde_%28orthographic_projection%29.svg/1024px-Cape_Verde_%28orthographic_projection%29.svg.png
Cambodia,KHM,https://en.wikipedia.org/wiki/Cambodia,https://upload.wikimedia.org/wikipedia/commons/a/af/United_States_Navy_Band_-_Nokoreach.ogg,https://upload.wikimedia.org/wikipedia/commons/c/cb/Cambodia_on_the_globe_%28Cambodia_centered%29.svg
Cameroon,CMR,https://en.wikipedia.org/wiki/Cameroon,https://upload.wikimedia.org/wikipedia/commons/c/cc/United_States_Navy_Band_-_Chant_de_Ralliement.ogg,https://upload.wikimedia.org/wikipedia/commons/thumb/b/b4/Cameroon_%28orthographic_projection%29.svg/1024px-Cameroon_%28orthographic_projection%29.svg.png
Canada,CAN,https://en.wikipedia.org/wiki/Canada,https://upload.wikimedia.org/wikipedia/commons/2/2c/%22O_Canada%22%2C_performed_by_the_United_States_Third_Marine_Aircraft_Wing_Band.oga,https://upload.wikimedia.org/wikipedia/commons/6/67/CAN_orthographic.svg
Cayman Islands,CYM,https://en.wikipedia.org/wiki/Cayman_Islands,https://upload.wikimedia.org/wikipedia/commons/d/de/United_States_Navy_Band_-_God_Save_the_Queen.ogg,https://upload.wikimedia.org/wikipedia/commons/thumb/7/7d/Cayman_Islands_in_United_Kingdom.svg/1280px-Cayman_Islands_in_United_Kingdom.svg.png
Central African Republic,CAF,https://en.wikipedia.org/wiki/Central_African_Republic,https://commons.wikimedia.org/w/index.php?title=File%3ALa_Renaissance.ogg,https://upload.wikimedia.org/wikipedia/commons/thumb/c/c4/Central_African_Republic_%28orthographic_projection%29.svg/800px-Central_African_Republic_%28orthographic_projection%29.svg.png
Chad,TCD,https://en.wikipedia.org/wiki/Chad,https://upload.wikimedia.org/wikipedia/commons/8/8d/La_Tchadienne_%28instrumental%29.ogg,https://upload.wikimedia.org/wikipedia/commons/4/46/Chad_%28orthographic_projection%29.svg
Chile,CHL,https://en.wikipedia.org/wiki/Chile,https://upload.wikimedia.org/wikipedia/commons/6/6e/United_States_Navy_Band_-_National_Anthem_of_Chile.ogg,https://upload.wikimedia.org/wikipedia/commons/c/cc/CHL_orthographic_%28%2Ball_claims%29.svg
China,CHN,https://en.wikipedia.org/wiki/China,https://upload.wikimedia.org/wikipedia/commons/b/b9/March_of_the_Volunteers_instrumental.ogg,https://upload.wikimedia.org/wikipedia/commons/a/a4/CHN_orthographic.svg
Christmas Island,CXR,https://en.wikipedia.org/wiki/Christmas_Island,,https://upload.wikimedia.org/wikipedia/commons/thumb/6/6c/Australia_on_the_globe_%28Christmas_Island_special%29_%28Southeast_Asia_centered%29.svg/800px-Australia_on_the_globe_%28Christmas_Island_special%29_%28Southeast_Asia_centered%29.svg.png
Cocos (Keeling) Islands,CCK,https://en.wikipedia.org/wiki/Cocos_(Keeling)_Islands,,https://upload.wikimedia.org/wikipedia/commons/thumb/d/dc/Australia_on_the_globe_%28Cocos_%28Keeling%29_Islands_special%29_%28Southeast_Asia_centered%29.svg/1024px-Australia_on_the_globe_%28Cocos_%28Keeling%29_Islands_special%29_%28Southeast_Asia_centered%29.svg.png
Colombia,COL,https://en.wikipedia.org/wiki/Colombia,https://upload.wikimedia.org/wikipedia/commons/5/55/United_States_Navy_Band_-_%C2%A1Oh%2C_gloria_inmarcesible%21.ogg,https://upload.wikimedia.org/wikipedia/commons/c/ca/COL_orthographic_%28San_Andr%C3%A9s_and_Providencia_special%29.svg
Comoros,COM,https://en.wikipedia.org/wiki/Comoros,https://upload.wikimedia.org/wikipedia/commons/a/ad/National_anthem_of_the_Comoros%2C_performed_by_the_U.S._Navy_Band.oga,https://upload.wikimedia.org/wikipedia/commons/thumb/a/ad/Comoros_%28orthographic_projection%29.svg/550px-Comoros_%28orthographic_projection%29.svg.png
Congo,COG,https://en.wikipedia.org/wiki/Republic_of_the_Congo,https://upload.wikimedia.org/wikipedia/commons/d/dc/National_anthem_of_the_Republic_of_the_Congo.oga,https://upload.wikimedia.org/wikipedia/commons/thumb/a/a7/Republic_of_the_Congo_%28orthographic_projection%29.svg/800px-Republic_of_the_Congo_%28orthographic_projection%29.svg.png
Congo (Democratic Republic of the),COD,https://en.wikipedia.org/wiki/Democratic_Republic_of_the_Congo,https://upload.wikimedia.org/wikipedia/en/3/3f/Democratic_Republic_of_the_Congo%27s_national_anthem.ogg,https://upload.wikimedia.org/wikipedia/commons/thumb/d/d6/Democratic_Republic_of_the_Congo_%28orthographic_projection%29.svg/1024px-Democratic_Republic_of_the_Congo_%28orthographic_projection%29.svg.png
Cook Islands,COK,https://en.wikipedia.org/wiki/Cook_Islands,https://upload.wikimedia.org/wikipedia/commons/c/c3/National_Anthem_of_the_Cook_Islands.ogg,https://upload.wikimedia.org/wikipedia/commons/thumb/5/54/Cook_Islands_on_the_globe_%28small_islands_magnified%29_%28Polynesia_centered%29.svg/600px-Cook_Islands_on_the_globe_%28small_islands_magnified%29_%28Polynesia_centered%29.svg.png
Costa Rica,CRI,https://en.wikipedia.org/wiki/Costa_Rica,https://upload.wikimedia.org/wikipedia/commons/7/79/Costa_Rica_National_Anthem.ogg,https://upload.wikimedia.org/wikipedia/commons/8/89/CRI_orthographic.svg
C�te d'Ivoire,CIV,https://en.wikipedia.org/wiki/Ivory_Coast,https://upload.wikimedia.org/wikipedia/commons/a/a3/Hymne_National_de_C%C3%B4te_d%27Ivoire.ogg,https://upload.wikimedia.org/wikipedia/commons/9/9b/C%C3%B4te_d%27Ivoire_%28orthographic_projection%29.svg
Croatia,HRV,https://en.wikipedia.org/wiki/Croatia,https://upload.wikimedia.org/wikipedia/commons/d/df/Lijepa_nasa_domovino_instrumental.ogg,https://upload.wikimedia.org/wikipedia/commons/thumb/f/fb/EU-Croatia_%28orthographic_projection%29.png/800px-EU-Croatia_%28orthographic_projection%29.png
Cuba,CUB,https://en.wikipedia.org/wiki/Cuba,https://upload.wikimedia.org/wikipedia/commons/4/41/Cuban_national_anthem_%28abridged_version%29%2C_performed_by_the_U.S._Navy_Band.oga,https://upload.wikimedia.org/wikipedia/commons/thumb/1/16/CUB_orthographic.svg/800px-CUB_orthographic.svg.png
Cura�ao,CUW,https://en.wikipedia.org/wiki/Cura�ao,https://upload.wikimedia.org/wikipedia/commons/d/db/National_Anthem_Cura%C3%A7ao_-_Himno_di_K%C3%B2rsou_%28Instrumental%29.ogg,https://upload.wikimedia.org/wikipedia/commons/thumb/2/2b/Curacao_in_its_region.svg/1280px-Curacao_in_its_region.svg.png
Cyprus,CYP,https://en.wikipedia.org/wiki/Cyprus,https://upload.wikimedia.org/wikipedia/commons/d/db/Hymn_to_liberty_instrumental.oga,https://upload.wikimedia.org/wikipedia/commons/4/4f/EU-Cyprus.svg
Czech Republic,CZE,https://en.wikipedia.org/wiki/Czech_Republic,https://upload.wikimedia.org/wikipedia/commons/6/6e/Czech_anthem.ogg,https://upload.wikimedia.org/wikipedia/commons/thumb/3/31/EU-Czech_Republic.svg/1024px-EU-Czech_Republic.svg.png
Denmark,DNK,https://en.wikipedia.org/wiki/Denmark,https://upload.wikimedia.org/wikipedia/commons/0/06/United_States_Navy_Band_-_Der_er_et_yndigt_land.ogg,https://upload.wikimedia.org/wikipedia/commons/1/10/Kingdom_of_Denmark_%28orthographic_projection%29.svg
Djibouti,DJI,https://en.wikipedia.org/wiki/Djibouti,https://upload.wikimedia.org/wikipedia/commons/b/bf/The_Djiboutian_anthem.ogg,https://en.wikipedia.org/wiki/File:Djibouti_(orthographic_projection).svg
Dominica,DMA,https://en.wikipedia.org/wiki/Dominica,https://upload.wikimedia.org/wikipedia/commons/9/9a/National_Anthem_of_Dominica_by_US_Navy_Band.ogg,https://upload.wikimedia.org/wikipedia/commons/thumb/7/78/Dominica_on_the_globe_%28Americas_centered%29.svg/800px-Dominica_on_the_globe_%28Americas_centered%29.svg.png
Dominican Republic,DOM,https://en.wikipedia.org/wiki/Dominican_Republic,https://upload.wikimedia.org/wikipedia/commons/b/bb/Dominican_Republic_National_Anthem.ogg,https://upload.wikimedia.org/wikipedia/commons/thumb/9/95/Dominican_Republic_%28orthographic_projection%29.svg/550px-Dominican_Republic_%28orthographic_projection%29.svg.png
Ecuador,ECU,https://en.wikipedia.org/wiki/Ecuador,https://upload.wikimedia.org/wikipedia/commons/6/6e/Anthem_of_Ecuador.ogg,https://upload.wikimedia.org/wikipedia/commons/thumb/e/e3/ECU_orthographic.svg/800px-ECU_orthographic.svg.png
Egypt,EGY,https://en.wikipedia.org/wiki/Egypt,https://upload.wikimedia.org/wikipedia/commons/f/f2/Bilady%2C_Bilady%2C_Bilady.ogg,https://upload.wikimedia.org/wikipedia/commons/thumb/a/a1/EGY_orthographic.svg/250px-EGY_orthographic.svg.png
El Salvador,SLV,https://en.wikipedia.org/wiki/El_Salvador,https://upload.wikimedia.org/wikipedia/commons/4/4e/El_Salvador_National_Anthem.ogg,https://upload.wikimedia.org/wikipedia/commons/thumb/e/e3/El_Salvador_%28orthographic_projection%29.svg/250px-El_Salvador_%28orthographic_projection%29.svg.png
Equatorial Guinea,GNQ,https://en.wikipedia.org/wiki/Equatorial_Guinea,https://upload.wikimedia.org/wikipedia/commons/2/2c/Equatorial_Guinea%27s_national_anthem%2C_performed_by_the_United_States_Navy_Band.oga,https://upload.wikimedia.org/wikipedia/commons/thumb/b/b9/GNQ_orthographic.svg/800px-GNQ_orthographic.svg.png
Eritrea,ERI,https://en.wikipedia.org/wiki/Eritrea,https://upload.wikimedia.org/wikipedia/commons/4/4f/National_Anthem_of_Eritrea_by_US_Navy_Band.ogg,https://upload.wikimedia.org/wikipedia/commons/4/43/Eritrea_%28Africa_orthographic_projection%29.svg
Estonia,EST,https://en.wikipedia.org/wiki/Estonia,https://upload.wikimedia.org/wikipedia/commons/5/52/US_Navy_band_-_National_anthem_of_Estonia.ogg,https://upload.wikimedia.org/wikipedia/commons/a/a2/EU-Estonia.svg
Ethiopia,ETH,https://en.wikipedia.org/wiki/Ethiopia,https://upload.wikimedia.org/wikipedia/commons/8/83/Wedefit_Gesgeshi_Widd_Innat_Ittyoppya.ogg,https://upload.wikimedia.org/wikipedia/commons/thumb/d/dd/Ethiopia_%28Africa_orthographic_projection%29.svg/800px-Ethiopia_%28Africa_orthographic_projection%29.svg.png
Falkland Islands (Malvinas),FLK,https://en.wikipedia.org/wiki/Falkland_Islands,https://upload.wikimedia.org/wikipedia/commons/d/de/United_States_Navy_Band_-_God_Save_the_Queen.ogg,https://upload.wikimedia.org/wikipedia/commons/thumb/a/ac/Location_map_of_the_Falklands_%E2%80%93_Alternative_version_4.svg/1024px-Location_map_of_the_Falklands_%E2%80%93_Alternative_version_4.svg.png
Faroe Islands,FRO,https://en.wikipedia.org/wiki/Faroe_Islands,,https://upload.wikimedia.org/wikipedia/commons/thumb/b/bc/Europe-Faroe_Islands.svg/1024px-Europe-Faroe_Islands.svg.png
Fiji,FJI,https://en.wikipedia.org/wiki/Fiji,https://upload.wikimedia.org/wikipedia/commons/c/ca/Fiji_National_Anthem.ogg,https://upload.wikimedia.org/wikipedia/commons/thumb/f/f6/Fiji_on_the_globe_%28small_islands_magnified%29_%28Polynesia_centered%29.svg/800px-Fiji_on_the_globe_%28small_islands_magnified%29_%28Polynesia_centered%29.svg.png
Finland,FIN,https://en.wikipedia.org/wiki/Finland,https://upload.wikimedia.org/wikipedia/commons/6/61/United_States_Navy_Band_-_Maamme.ogg,https://upload.wikimedia.org/wikipedia/commons/thumb/0/07/EU-Finland_%28orthographic_projection%29.svg/800px-EU-Finland_%28orthographic_projection%29.svg.png
France,FRA,https://en.wikipedia.org/wiki/France,https://upload.wikimedia.org/wikipedia/commons/3/30/La_Marseillaise.ogg,https://upload.wikimedia.org/wikipedia/commons/thumb/a/a4/EU-France_%28orthographic_projection%29.svg/800px-EU-France_%28orthographic_projection%29.svg.png
French Guiana,GUF,https://en.wikipedia.org/wiki/French_Guiana,https://upload.wikimedia.org/wikipedia/commons/3/30/La_Marseillaise.ogg,https://upload.wikimedia.org/wikipedia/commons/thumb/9/97/French_Guiana_in_France_2016.svg/1280px-French_Guiana_in_France_2016.svg.png
French Polynesia,PYF,https://en.wikipedia.org/wiki/French_Polynesia,https://upload.wikimedia.org/wikipedia/commons/3/30/La_Marseillaise.ogg,https://upload.wikimedia.org/wikipedia/commons/thumb/b/b9/French_Polynesia_on_the_globe_%28French_Polynesia_centered%29.svg/1024px-French_Polynesia_on_the_globe_%28French_Polynesia_centered%29.svg.png
French Southern Territories,ATF,https://en.wikipedia.org/wiki/French_Southern_and_Antarctic_Lands,,https://upload.wikimedia.org/wikipedia/commons/thumb/3/34/France_on_the_globe_%28French_Southern_and_Antarctic_Lands_special%29_%28Madagascar_centered%29.svg/1024px-France_on_the_globe_%28French_Southern_and_Antarctic_Lands_special%29_%28Madagascar_centered%29.svg.png
Gabon,GAB,https://en.wikipedia.org/wiki/Gabon,https://upload.wikimedia.org/wikipedia/commons/f/fc/La_Concorde.ogg,https://upload.wikimedia.org/wikipedia/commons/thumb/b/bf/Gabon_%28orthographic_projection%29.svg/1024px-Gabon_%28orthographic_projection%29.svg.png
Gambia,GMB,https://en.wikipedia.org/wiki/Gambia,https://upload.wikimedia.org/wikipedia/commons/0/05/For_The_Gambia_Our_Homeland_%28instrumental%29.ogg,https://upload.wikimedia.org/wikipedia/commons/thumb/1/16/Gambia_%28orthographic_projection_with_inset%29.svg/1024px-Gambia_%28orthographic_projection_with_inset%29.svg.png
Georgia,GEO,https://en.wikipedia.org/wiki/Georgia_(country),https://upload.wikimedia.org/wikipedia/commons/b/b6/Georgian_national_anthem.oga,https://upload.wikimedia.org/wikipedia/commons/thumb/6/67/Georgia_%28orthographic_projection_with_inset%29.svg/550px-Georgia_%28orthographic_projection_with_inset%29.svg.png
Germany,DEU,https://en.wikipedia.org/wiki/Germany,https://upload.wikimedia.org/wikipedia/commons/a/a6/German_national_anthem_performed_by_the_US_Navy_Band.ogg,https://upload.wikimedia.org/wikipedia/commons/thumb/a/af/EU-Germany_%28orthographic_projection%29.svg/1024px-EU-Germany_%28orthographic_projection%29.svg.png
Ghana,GHA,https://en.wikipedia.org/wiki/Ghana,https://upload.wikimedia.org/wikipedia/commons/4/43/National_Anthem_of_Ghana.ogg,https://upload.wikimedia.org/wikipedia/commons/3/30/Ghana_%28orthographic_projection%29.svg
Gibraltar,GIB,https://en.wikipedia.org/wiki/Gibraltar,https://upload.wikimedia.org/wikipedia/commons/d/de/United_States_Navy_Band_-_God_Save_the_Queen.ogg,https://upload.wikimedia.org/wikipedia/commons/thumb/5/55/Gibraltar_location_in_Europe.svg/1280px-Gibraltar_location_in_Europe.svg.png
Greece,GRC,https://en.wikipedia.org/wiki/Greece,https://upload.wikimedia.org/wikipedia/commons/d/db/Hymn_to_liberty_instrumental.oga,https://upload.wikimedia.org/wikipedia/commons/thumb/f/f7/EU-Greece_%28orthographic_projection%29.svg/1024px-EU-Greece_%28orthographic_projection%29.svg.png
Greenland,GRL,https://en.wikipedia.org/wiki/Greenland,,https://upload.wikimedia.org/wikipedia/commons/thumb/5/5d/Greenland_%28orthographic_projection%29.svg/1024px-Greenland_%28orthographic_projection%29.svg.png
Grenada,GRD,https://en.wikipedia.org/wiki/Grenada,https://upload.wikimedia.org/wikipedia/commons/7/76/HailGrenada.ogg,https://upload.wikimedia.org/wikipedia/commons/thumb/6/6e/Grenada_on_the_globe_%28Americas_centered%29.svg/1024px-Grenada_on_the_globe_%28Americas_centered%29.svg.png
Guadeloupe,GLP,https://en.wikipedia.org/wiki/Guadeloupe,,https://upload.wikimedia.org/wikipedia/commons/thumb/d/d7/Guadeloupe_in_France_2016.svg/1920px-Guadeloupe_in_France_2016.svg.png
Guam,GUM,https://en.wikipedia.org/wiki/Guam,,https://upload.wikimedia.org/wikipedia/commons/thumb/c/c5/Guam_on_the_globe_%28Southeast_Asia_centered%29_%28small_islands_magnified%29.svg/1024px-Guam_on_the_globe_%28Southeast_Asia_centered%29_%28small_islands_magnified%29.svg.png
Guatemala,GTM,https://en.wikipedia.org/wiki/Guatemala,https://upload.wikimedia.org/wikipedia/en/a/a9/Guatemala%27s_national_anthem%2C_performed_by_the_U.S._Navy_Band.ogg,https://upload.wikimedia.org/wikipedia/commons/thumb/7/70/Guatemala_%28orthographic_projection%29.svg/1024px-Guatemala_%28orthographic_projection%29.svg.png
Guernsey,GGY,https://en.wikipedia.org/wiki/Guernsey,,https://upload.wikimedia.org/wikipedia/commons/thumb/5/58/English_Channel_location_map.svg/1280px-English_Channel_location_map.svg.png
Guinea,GIN,https://en.wikipedia.org/wiki/Guinea,https://upload.wikimedia.org/wikipedia/commons/6/65/National_Anthem_of_Guinea_by_US_Navy_Band.ogg,https://upload.wikimedia.org/wikipedia/commons/thumb/0/04/Location_Guinea_AU_Africa.svg/1024px-Location_Guinea_AU_Africa.svg.png
Guinea-Bissau,GNB,https://en.wikipedia.org/wiki/Guinea-Bissau,https://upload.wikimedia.org/wikipedia/commons/5/54/Esta_%C3%A9_a_Nossa_P%C3%A1tria_Bem_Amada_%28instrumental%29.ogg,https://upload.wikimedia.org/wikipedia/commons/thumb/f/fe/Location_Guinea_Bissau_AU_Africa.svg/1024px-Location_Guinea_Bissau_AU_Africa.svg.png
Guyana,GUY,https://en.wikipedia.org/wiki/Guyana,https://upload.wikimedia.org/wikipedia/commons/8/85/National_Anthem_of_Guyana.ogg,https://upload.wikimedia.org/wikipedia/commons/thumb/2/21/GUY_orthographic.svg/1024px-GUY_orthographic.svg.png
Haiti,HTI,https://en.wikipedia.org/wiki/Haiti,https://upload.wikimedia.org/wikipedia/commons/4/4f/Haiti_National_Anthem.ogg,https://upload.wikimedia.org/wikipedia/commons/thumb/f/fe/Haiti_%28orthographic_projection%29.svg/1024px-Haiti_%28orthographic_projection%29.svg.png
Heard Island and McDonald Islands,HMD,https://en.wikipedia.org/wiki/Heard Island and McDonald Islands,,https://upload.wikimedia.org/wikipedia/commons/thumb/5/5e/Australia_in_its_region_%28Heard_Island_and_McDonald_Islands_special%29.svg/1920px-Australia_in_its_region_%28Heard_Island_and_McDonald_Islands_special%29.svg.png
Holy See,VAT,https://en.wikipedia.org/wiki/Holy_See,,https://upload.wikimedia.org/wikipedia/commons/thumb/9/99/USA_Holy_See_Locator.svg/1920px-USA_Holy_See_Locator.svg.png
Honduras,HND,https://en.wikipedia.org/wiki/Honduras,https://upload.wikimedia.org/wikipedia/commons/b/b3/Honduras_National_Anthem.ogg,https://upload.wikimedia.org/wikipedia/commons/thumb/0/0c/HND_orthographic.svg/1024px-HND_orthographic.svg.png
Hong Kong,HKG,https://en.wikipedia.org/wiki/Hong_Kong,,https://upload.wikimedia.org/wikipedia/commons/thumb/4/44/Hong_Kong_in_China_%28zoomed%29_%28%2Ball_claims_hatched%29.svg/1280px-Hong_Kong_in_China_%28zoomed%29_%28%2Ball_claims_hatched%29.svg.png
Hungary,HUN,https://en.wikipedia.org/wiki/Hungary,https://upload.wikimedia.org/wikipedia/commons/7/79/Hungarian_national_anthem%2C_performed_by_the_United_States_Navy_Band_%281997_arrangement%29.mp3,https://upload.wikimedia.org/wikipedia/commons/thumb/6/60/EU-Hungary.svg/1280px-EU-Hungary.svg.png
Iceland,ISL,https://en.wikipedia.org/wiki/Iceland,https://upload.wikimedia.org/wikipedia/commons/4/4b/Lofs%C3%B6ngur.ogg,https://upload.wikimedia.org/wikipedia/commons/thumb/7/7a/Iceland_%28orthographic_projection%29.svg/541px-Iceland_%28orthographic_projection%29.svg.png
India,IND,https://en.wikipedia.org/wiki/India,https://upload.wikimedia.org/wikipedia/commons/9/94/Jana_Gana_Mana_instrumental.ogg,https://upload.wikimedia.org/wikipedia/commons/b/bb/India_%28orthographic_projection%29.svg
Indonesia,IDN,https://en.wikipedia.org/wiki/Indonesia,https://upload.wikimedia.org/wikipedia/commons/3/32/Indonesiaraya.ogg,https://upload.wikimedia.org/wikipedia/commons/thumb/0/05/Indonesia_%28orthographic_projection%29.svg/550px-Indonesia_%28orthographic_projection%29.svg.png
Iran (Islamic Republic of),IRN,https://en.wikipedia.org/wiki/Iran,https://upload.wikimedia.org/wikipedia/commons/f/f2/Sorud-e_Mell%C3%AD-e_Yomhur%C3%AD-e_Eslam%C3%AD-e_Ir%C3%A1n_%28instrumental%29.oga,https://upload.wikimedia.org/wikipedia/commons/thumb/a/a8/Iran_%28orthographic_projection%29.svg/1024px-Iran_%28orthographic_projection%29.svg.png
Iraq,IRQ,https://en.wikipedia.org/wiki/Iraq,https://upload.wikimedia.org/wikipedia/commons/1/16/United_States_Navy_Band_-_Mawtini.ogg,https://upload.wikimedia.org/wikipedia/commons/thumb/5/5c/Iraq_%28orthographic%29.svg/1024px-Iraq_%28orthographic%29.svg.png
Ireland,IRL,https://en.wikipedia.org/wiki/Ireland,,https://upload.wikimedia.org/wikipedia/commons/thumb/3/35/Map_of_Ireland_in_Europe.svg/1280px-Map_of_Ireland_in_Europe.svg.png
Isle of Man,IMN,https://en.wikipedia.org/wiki/Isle_of_Man,https://upload.wikimedia.org/wikipedia/commons/9/99/Arrane_Ashoonagh_Vannin.ogg,https://upload.wikimedia.org/wikipedia/commons/thumb/f/fd/Europe-Isle_of_Man.svg/1280px-Europe-Isle_of_Man.svg.png
Israel,ISR,https://en.wikipedia.org/wiki/Israel,https://upload.wikimedia.org/wikipedia/commons/2/26/Hatikvah_instrumental.ogg,https://upload.wikimedia.org/wikipedia/commons/thumb/4/47/ISR_orthographic.svg/1024px-ISR_orthographic.svg.png
Italy,ITA,https://en.wikipedia.org/wiki/Italy,https://upload.wikimedia.org/wikipedia/commons/c/c0/National_anthem_of_Italy_-_U.S._Navy_Band_%28long_version%29.ogg,https://upload.wikimedia.org/wikipedia/commons/thumb/c/cd/EU-Italy_%28orthographic_projection%29.svg/1024px-EU-Italy_%28orthographic_projection%29.svg.png
Jamaica,JAM,https://en.wikipedia.org/wiki/Jamaica,https://upload.wikimedia.org/wikipedia/commons/7/7a/%22Jamaica%2C_Land_We_Love%22%2C_performed_by_the_United_States_Navy_Band.oga,https://upload.wikimedia.org/wikipedia/commons/thumb/e/eb/Jamaica_%28orthographic_projection%29.svg/1024px-Jamaica_%28orthographic_projection%29.svg.png
Japan,JPN,https://en.wikipedia.org/wiki/Japan,https://upload.wikimedia.org/wikipedia/commons/a/a3/Kimi_ga_Yo_instrumental.ogg,https://upload.wikimedia.org/wikipedia/commons/6/62/Japan_%28orthographic_projection%29.svg
Jersey,JEY,https://en.wikipedia.org/wiki/Jersey,https://upload.wikimedia.org/wikipedia/commons/d/de/United_States_Navy_Band_-_God_Save_the_Queen.ogg,https://upload.wikimedia.org/wikipedia/commons/thumb/f/f5/Europe-Jersey.svg/1280px-Europe-Jersey.svg.png
Jordan,JOR,https://en.wikipedia.org/wiki/Jordan,https://upload.wikimedia.org/wikipedia/commons/e/ee/National_anthem_of_Jordan_instrumental.ogg,https://upload.wikimedia.org/wikipedia/commons/thumb/b/b2/Jordan_%28orthographic_projection%29.svg/1024px-Jordan_%28orthographic_projection%29.svg.png
Kazakhstan,KAZ,https://en.wikipedia.org/wiki/Kazakhstan,https://upload.wikimedia.org/wikipedia/commons/d/d9/Kazakhstan_%28instrumental%29.oga,https://upload.wikimedia.org/wikipedia/commons/thumb/3/3e/Kazakhstan_%28orthographic_projection%29.svg/1024px-Kazakhstan_%28orthographic_projection%29.svg.png
Kenya,KEN,https://en.wikipedia.org/wiki/Kenya,https://upload.wikimedia.org/wikipedia/commons/2/29/National_anthem_of_Kenya%2C_performed_by_the_United_States_Navy_Band.wav,https://upload.wikimedia.org/wikipedia/commons/thumb/a/a5/Kenya_%28orthographic_projection%29.svg/1024px-Kenya_%28orthographic_projection%29.svg.png
Kiribati,KIR,https://en.wikipedia.org/wiki/Kiribati,https://upload.wikimedia.org/wikipedia/commons/2/20/Kiribati_Anthem_Performed_by_US_Navy_Band.oga,https://upload.wikimedia.org/wikipedia/commons/thumb/d/d9/Kiribati_on_the_globe_%28Polynesia_centered%29.svg/1024px-Kiribati_on_the_globe_%28Polynesia_centered%29.svg.png
Korea (Democratic People's Republic of),PRK,https://en.wikipedia.org/wiki/North_Korea,https://upload.wikimedia.org/wikipedia/en/b/b0/Aegukka.ogg,https://upload.wikimedia.org/wikipedia/commons/thumb/b/b2/Democratic_People%27s_Republic_of_Korea_%28orthographic_projection%29.svg/541px-Democratic_People%27s_Republic_of_Korea_%28orthographic_projection%29.svg.png
Korea (Republic of),KOR,https://en.wikipedia.org/wiki/South_Korea,https://upload.wikimedia.org/wikipedia/commons/0/0d/National_anthem_of_South_Korea%2C_performed_by_the_United_States_Navy_Band.wav,https://upload.wikimedia.org/wikipedia/commons/thumb/b/b1/Republic_of_Korea_%28orthographic_projection%29.svg/1024px-Republic_of_Korea_%28orthographic_projection%29.svg.png
Kuwait,KWT,https://en.wikipedia.org/wiki/Kuwait,https://upload.wikimedia.org/wikipedia/commons/d/d4/National_anthem_of_Kuwait_%28instrumental%29.ogg,https://upload.wikimedia.org/wikipedia/commons/thumb/4/41/KWT_orthographic.svg/1024px-KWT_orthographic.svg.png
Kyrgyzstan,KGZ,https://en.wikipedia.org/wiki/Kyrgyzstan,https://upload.wikimedia.org/wikipedia/commons/e/ef/Kyrgyzstan_%28instrumental%29.ogg,https://upload.wikimedia.org/wikipedia/commons/thumb/7/7c/Kyrgyzstan_%28orthographic_projection%29.svg/1024px-Kyrgyzstan_%28orthographic_projection%29.svg.png
Lao People's Democratic Republic,LAO,https://en.wikipedia.org/wiki/Laos,https://upload.wikimedia.org/wikipedia/commons/e/ee/National_Anthem_of_Laos.ogg,https://upload.wikimedia.org/wikipedia/commons/thumb/b/bc/Laos_%28orthographic_projection%29.svg/1024px-Laos_%28orthographic_projection%29.svg.png
Latvia,LVA,https://en.wikipedia.org/wiki/Latvia,https://upload.wikimedia.org/wikipedia/commons/5/55/Latvian_National_Anthem.ogg,https://upload.wikimedia.org/wikipedia/commons/thumb/3/32/EU-Latvia.svg/1280px-EU-Latvia.svg.png
Lebanon,LBN,https://en.wikipedia.org/wiki/Lebanon,https://upload.wikimedia.org/wikipedia/commons/9/97/Lebanese_national_anthem.ogg,https://upload.wikimedia.org/wikipedia/commons/thumb/9/96/Lebanon_%28orthographic_projection%29.svg/600px-Lebanon_%28orthographic_projection%29.svg.png
Lesotho,LSO,https://en.wikipedia.org/wiki/Lesotho,https://upload.wikimedia.org/wikipedia/commons/a/aa/National_anthem_of_Lesotho%2C_performed_by_the_U.S._Navy_Band.wav,https://upload.wikimedia.org/wikipedia/commons/thumb/f/f1/Lesotho_%28orthographic_projection%29.svg/1024px-Lesotho_%28orthographic_projection%29.svg.png
Liberia,LBR,https://en.wikipedia.org/wiki/Liberia,https://upload.wikimedia.org/wikipedia/commons/6/65/Liberia_National_Anthem.ogg,https://upload.wikimedia.org/wikipedia/commons/thumb/9/91/Liberia_%28orthographic_projection%29.svg/1024px-Liberia_%28orthographic_projection%29.svg.png
Libya,LBY,https://en.wikipedia.org/wiki/Libya,https://upload.wikimedia.org/wikipedia/commons/1/1d/Libya%2C_Libya%2C_Libya_instrumental.ogg,https://upload.wikimedia.org/wikipedia/commons/thumb/9/9e/Libya_%28centered_orthographic_projection%29.svg/1024px-Libya_%28centered_orthographic_projection%29.svg.png
Liechtenstein,LIE,https://en.wikipedia.org/wiki/Liechtenstein,https://upload.wikimedia.org/wikipedia/commons/6/61/Oben_am_jungen_Rhein%2C_by_the_U.S._Navy_Band.ogg,https://upload.wikimedia.org/wikipedia/commons/thumb/2/23/Europe-Liechtenstein.svg/1024px-Europe-Liechtenstein.svg.png
Lithuania,LTU,https://en.wikipedia.org/wiki/Lithuania,https://upload.wikimedia.org/wikipedia/commons/c/ca/Tauti%C5%A1ka_giesme_instumental.ogg,https://upload.wikimedia.org/wikipedia/commons/thumb/e/ec/EU-Lithuania.svg/1024px-EU-Lithuania.svg.png
Luxembourg,LUX,https://en.wikipedia.org/wiki/Luxembourg,https://upload.wikimedia.org/wikipedia/commons/f/f6/Ons_Heemecht.ogg,https://upload.wikimedia.org/wikipedia/commons/thumb/c/c3/EU-Luxembourg.svg/1024px-EU-Luxembourg.svg.png
Macao,MAC,https://en.wikipedia.org/wiki/Macau,,https://upload.wikimedia.org/wikipedia/commons/thumb/3/39/Macau_locator_map.svg/1024px-Macau_locator_map.svg.png
Macedonia (the former Yugoslav Republic of),MKD,https://en.wikipedia.org/wiki/North_Macedonia,https://upload.wikimedia.org/wikipedia/en/b/b6/North_Macedonia%27s_national_anthem_%28instrumental%29.ogg,https://upload.wikimedia.org/wikipedia/commons/thumb/9/9f/Europe-Republic_of_North_Macedonia.svg/1024px-Europe-Republic_of_North_Macedonia.svg.png
Madagascar,MDG,https://en.wikipedia.org/wiki/Madagascar,https://upload.wikimedia.org/wikipedia/commons/d/dd/Ry_Tanindrazanay_malala_%C3%B4%21_%28instrumental%29.ogg,https://upload.wikimedia.org/wikipedia/commons/thumb/2/2f/Madagascar_%28centered_orthographic_projection%29.svg/250px-Madagascar_%28centered_orthographic_projection%29.svg.png
Malawi,MWI,https://en.wikipedia.org/wiki/Malawi,https://upload.wikimedia.org/wikipedia/commons/d/dd/Malawian_national_anthem.oga,https://upload.wikimedia.org/wikipedia/commons/thumb/1/1a/Malawi_%28orthographic_projection%29.svg/550px-Malawi_%28orthographic_projection%29.svg.png
Malaysia,MYS,https://en.wikipedia.org/wiki/Malaysia,https://upload.wikimedia.org/wikipedia/commons/e/ee/Negaraku_instrumental.ogg,https://upload.wikimedia.org/wikipedia/commons/thumb/2/23/Malaysia_%28orthographic_projection%29.svg/1024px-Malaysia_%28orthographic_projection%29.svg.png
Maldives,MDV,https://en.wikipedia.org/wiki/Maldives,https://upload.wikimedia.org/wikipedia/commons/c/c4/Gaumii_salaam.ogg,https://upload.wikimedia.org/wikipedia/commons/thumb/4/4b/Maldives_%28orthographic_projection%29.svg/1024px-Maldives_%28orthographic_projection%29.svg.png
Mali,MLI,https://en.wikipedia.org/wiki/Mali,https://upload.wikimedia.org/wikipedia/commons/f/f7/Malian_national_anthem%2C_performed_by_the_United_States_Navy_Band.oga,https://upload.wikimedia.org/wikipedia/commons/thumb/8/8b/Mali_%28orthographic_projection%29.svg/1024px-Mali_%28orthographic_projection%29.svg.png
Malta,MLT,https://en.wikipedia.org/wiki/Malta,https://upload.wikimedia.org/wikipedia/commons/8/80/Malta_anthem_%28instrumental%29.ogg,https://upload.wikimedia.org/wikipedia/commons/6/63/EU-Malta.svg
Marshall Islands,MHL,https://en.wikipedia.org/wiki/Marshall_Islands,https://upload.wikimedia.org/wikipedia/commons/a/a3/National_Anthem_of_Marshall_Islands_by_US_Navy_Band.ogg,https://upload.wikimedia.org/wikipedia/commons/thumb/1/18/Marshall_Islands_on_the_globe_%28small_islands_magnified%29_%28Polynesia_centered%29.svg/1024px-Marshall_Islands_on_the_globe_%28small_islands_magnified%29_%28Polynesia_centered%29.svg.png
Martinique,MTQ,https://en.wikipedia.org/wiki/Martinique,,https://upload.wikimedia.org/wikipedia/commons/thumb/9/92/Martinique_in_France_2016.svg/1920px-Martinique_in_France_2016.svg.png
Mauritania,MRT,https://en.wikipedia.org/wiki/Mauritania,https://upload.wikimedia.org/wikipedia/commons/0/08/National_anthem_of_Mauritania_%28instrumental%29.ogg,https://upload.wikimedia.org/wikipedia/commons/thumb/a/ac/Mauritania_%28orthographic_projection%29.svg/1024px-Mauritania_%28orthographic_projection%29.svg.png
Mauritius,MUS,https://en.wikipedia.org/wiki/Mauritius,https://upload.wikimedia.org/wikipedia/commons/7/75/Motherland_%28instrumental%29.ogg,https://upload.wikimedia.org/wikipedia/commons/thumb/4/4b/Mauritius_%28orthographic_projection_with_inset%29.svg/1024px-Mauritius_%28orthographic_projection_with_inset%29.svg.png
Mayotte,MYT,https://en.wikipedia.org/wiki/Mayotte,,https://upload.wikimedia.org/wikipedia/commons/thumb/a/ab/D%C3%A9partement_976_in_France_%28zoom%29.svg/1920px-D%C3%A9partement_976_in_France_%28zoom%29.svg.png
Mexico,MEX,https://en.wikipedia.org/wiki/Mexico,https://upload.wikimedia.org/wikipedia/commons/9/9d/Himno_Nacional_Mexicano_instrumental.ogg,https://upload.wikimedia.org/wikipedia/commons/thumb/0/06/MEX_orthographic.svg/1024px-MEX_orthographic.svg.png
Micronesia (Federated States of),FSM,https://en.wikipedia.org/wiki/Federated_States_of_Micronesia,https://upload.wikimedia.org/wikipedia/commons/8/8a/Full_performance_of_the_Micronesian_national_anthem_by_the_U.S._Navy_Band.wav,https://upload.wikimedia.org/wikipedia/commons/thumb/c/c6/Micronesia_on_the_globe_%28small_islands_magnified%29_%28Polynesia_centered%29.svg/1024px-Micronesia_on_the_globe_%28small_islands_magnified%29_%28Polynesia_centered%29.svg.png
Moldova (Republic of),MDA,https://en.wikipedia.org/wiki/Moldova,https://upload.wikimedia.org/wikipedia/commons/a/ad/Imnul_Republicii_Moldova_US_NAVY.ogg,https://upload.wikimedia.org/wikipedia/commons/thumb/f/fe/Location_Moldova_Europe.png/685px-Location_Moldova_Europe.png
Monaco,MCO,https://en.wikipedia.org/wiki/Monaco,https://upload.wikimedia.org/wikipedia/commons/c/c2/Monaco_National_Anthem.ogg,https://upload.wikimedia.org/wikipedia/commons/thumb/f/f5/Location_Monaco_Europe.png/1024px-Location_Monaco_Europe.png
Mongolia,MNG,https://en.wikipedia.org/wiki/Mongolia,https://upload.wikimedia.org/wikipedia/commons/e/ef/Mongolian_national_anthem%2C_performed_by_the_United_States_Navy_Band.ogg,https://upload.wikimedia.org/wikipedia/commons/thumb/f/f3/Mongolia_%28orthographic_projection%29.svg/1024px-Mongolia_%28orthographic_projection%29.svg.png
Montenegro,MNE,https://en.wikipedia.org/wiki/Montenegro,https://upload.wikimedia.org/wikipedia/commons/a/a2/National_Anthem_of_Montenegro.ogg,https://upload.wikimedia.org/wikipedia/commons/thumb/b/b0/Europe-Montenegro.svg/1280px-Europe-Montenegro.svg.png
Montserrat,MSR,https://en.wikipedia.org/wiki/Montserrat,https://upload.wikimedia.org/wikipedia/commons/d/de/United_States_Navy_Band_-_God_Save_the_Queen.ogg,https://upload.wikimedia.org/wikipedia/commons/thumb/3/3e/Montserrat_in_United_Kingdom.svg/1920px-Montserrat_in_United_Kingdom.svg.png
Morocco,MAR,https://en.wikipedia.org/wiki/Morocco,https://upload.wikimedia.org/wikipedia/commons/3/3f/National_Anthem_of_Morocco.ogg,https://upload.wikimedia.org/wikipedia/commons/thumb/7/78/Morocco_%28orthographic_projection%2C_WS_claimed%29.svg/1024px-Morocco_%28orthographic_projection%2C_WS_claimed%29.svg.png
Mozambique,MOZ,https://en.wikipedia.org/wiki/Mozambique,https://upload.wikimedia.org/wikipedia/commons/9/9f/Mozambican_national_anthem%2C_performed_by_the_United_States_Navy_Band.wav,https://upload.wikimedia.org/wikipedia/commons/thumb/8/84/Mozambique_%28orthographic_projection%29.svg/1024px-Mozambique_%28orthographic_projection%29.svg.png
Myanmar,MMR,https://en.wikipedia.org/wiki/Myanmar,https://upload.wikimedia.org/wikipedia/commons/d/db/U.S._Navy_Band_-_Kaba_Ma_Kyei.oga,https://upload.wikimedia.org/wikipedia/commons/thumb/c/cb/Myanmar_%28orthographic_projection%29.svg/800px-Myanmar_%28orthographic_projection%29.svg.png
Namibia,NAM,https://en.wikipedia.org/wiki/Namibia,https://upload.wikimedia.org/wikipedia/commons/1/1b/Namibian_national_anthem%2C_performed_by_the_United_States_Navy_Band.oga,https://upload.wikimedia.org/wikipedia/commons/thumb/d/d4/Namibia_%28orthographic_projection%29.svg/800px-Namibia_%28orthographic_projection%29.svg.png
Nauru,NRU,https://en.wikipedia.org/wiki/Nauru,,https://upload.wikimedia.org/wikipedia/commons/thumb/2/21/NRU_orthographic.svg/1024px-NRU_orthographic.svg.png
Nepal,NPL,https://en.wikipedia.org/wiki/Nepal,https://upload.wikimedia.org/wikipedia/commons/e/ef/Sayaun_Thunga_Phool_Ka_%28instrumental%29.ogg,https://upload.wikimedia.org/wikipedia/commons/thumb/d/d4/Nepal_%28orthographic_projection%29.svg/1024px-Nepal_%28orthographic_projection%29.svg.png
Netherlands,NLD,https://en.wikipedia.org/wiki/Netherlands,https://upload.wikimedia.org/wikipedia/commons/2/2e/United_States_Navy_Band_-_Het_Wilhelmus.ogg, https://upload.wikimedia.org/wikipedia/commons/thumb/2/27/EU-Netherlands.svg/1280px-EU-Netherlands.svg.png
New Caledonia,NCL,https://en.wikipedia.org/wiki/New_Caledonia,,https://upload.wikimedia.org/wikipedia/commons/thumb/0/0e/New_Caledonia_on_the_globe_%28small_islands_magnified%29_%28Polynesia_centered%29.svg/1024px-New_Caledonia_on_the_globe_%28small_islands_magnified%29_%28Polynesia_centered%29.svg.png
New Zealand,NZL,https://en.wikipedia.org/wiki/New_Zealand,https://upload.wikimedia.org/wikipedia/commons/2/23/New_Zealand_national_anthem%2C_performed_by_the_United_States_Navy_Band.wav,https://upload.wikimedia.org/wikipedia/commons/thumb/2/29/NZL_orthographic_NaturalEarth.svg/1024px-NZL_orthographic_NaturalEarth.svg.png
Nicaragua,NIC,https://en.wikipedia.org/wiki/Nicaragua,https://upload.wikimedia.org/wikipedia/commons/d/db/National_Anthem_of_Nicaragua_by_US_Navy_Band.ogg,https://upload.wikimedia.org/wikipedia/commons/thumb/3/34/NIC_orthographic.svg/1024px-NIC_orthographic.svg.png
Niger,NER,https://en.wikipedia.org/wiki/Niger,https://upload.wikimedia.org/wikipedia/commons/4/47/La_Nig%C3%A9rienne.ogg,https://upload.wikimedia.org/wikipedia/commons/thumb/8/88/Niger_%28orthographic_projection%29.svg/1024px-Niger_%28orthographic_projection%29.svg.png
Nigeria,NGA,https://en.wikipedia.org/wiki/Nigeria,,https://upload.wikimedia.org/wikipedia/commons/thumb/4/4e/Nigeria_%28orthographic_projection%29.svg/1024px-Nigeria_%28orthographic_projection%29.svg.png
Niue,NIU,https://en.wikipedia.org/wiki/Niue,https://upload.wikimedia.org/wikipedia/commons/a/a2/Niue_anthem.ogg,https://upload.wikimedia.org/wikipedia/commons/thumb/a/af/Niue_on_the_globe_%28Polynesia_centered%29.svg/1024px-Niue_on_the_globe_%28Polynesia_centered%29.svg.png
Norfolk Island,NFK,https://en.wikipedia.org/wiki/Norfolk_Island,https://upload.wikimedia.org/wikipedia/commons/d/de/United_States_Navy_Band_-_God_Save_the_Queen.ogg,https://upload.wikimedia.org/wikipedia/commons/thumb/6/61/Australia_on_the_globe_%28Norfolk_Island_special%29_%28small_islands_magnified%29_%28Polynesia_centered%29.svg/1024px-Australia_on_the_globe_%28Norfolk_Island_special%29_%28small_islands_magnified%29_%28Polynesia_centered%29.svg.png
Northern Mariana Islands,MNP,https://en.wikipedia.org/wiki/Northern_Mariana_Islands,https://upload.wikimedia.org/wikipedia/commons/3/34/Regional_anthem_of_the_Northern_Mariana_Islands%2C_performed_by_the_United_States_Navy_Band.oga,https://upload.wikimedia.org/wikipedia/commons/thumb/5/5a/Northern_Mariana_Islands_on_the_globe_%28Southeast_Asia_centered%29_%28small_islands_magnified%29.svg/1024px-Northern_Mariana_Islands_on_the_globe_%28Southeast_Asia_centered%29_%28small_islands_magnified%29.svg.png
Norway,NOR,https://en.wikipedia.org/wiki/Norway,https://upload.wikimedia.org/wikipedia/commons/f/f6/Norway_%28National_Anthem%29.ogg,https://upload.wikimedia.org/wikipedia/commons/thumb/c/cb/Europe-Norway_%28orthographic_projection%29.svg/1024px-Europe-Norway_%28orthographic_projection%29.svg.png
Oman,OMN,https://en.wikipedia.org/wiki/Oman,https://upload.wikimedia.org/wikipedia/commons/5/5a/Peace_to_the_Sultan_%28%D9%86%D8%B4%D9%8A%D8%AF_%D8%A7%D9%84%D8%B3%D9%84%D8%A7%D9%85_%D8%A7%D9%84%D8%B3%D9%84%D8%B7%D8%A7%D9%86%D9%8A%29.ogg,https://upload.wikimedia.org/wikipedia/commons/thumb/e/e2/Oman_%28better%29_%28orthographic_projection%29.svg/1024px-Oman_%28better%29_%28orthographic_projection%29.svg.png
Pakistan,PAK,https://en.wikipedia.org/wiki/Pakistan,https://upload.wikimedia.org/wikipedia/commons/5/5e/Pakistan_anthem_-_United_States_Navy_Band.ogg,https://upload.wikimedia.org/wikipedia/commons/thumb/b/b6/Pakistan_%28orthographic_projection%29.svg/541px-Pakistan_%28orthographic_projection%29.svg.png
Palau,PLW,https://en.wikipedia.org/wiki/Palau,https://upload.wikimedia.org/wikipedia/commons/8/8b/Belau_rekid_%28instrumental%29.oga,https://upload.wikimedia.org/wikipedia/commons/thumb/5/57/Palau_on_the_globe_%28Southeast_Asia_centered%29_%28small_islands_magnified%29.svg/1024px-Palau_on_the_globe_%28Southeast_Asia_centered%29_%28small_islands_magnified%29.svg.png
"Palestine, State of ",PSE,https://en.wikipedia.org/wiki/State_of_Palestine,https://upload.wikimedia.org/wikipedia/commons/9/97/National_Anthem_of_Palestine_%28Vocal%29.ogg,https://upload.wikimedia.org/wikipedia/commons/thumb/a/ad/State_of_Palestine_%28orthographic_projection%29.svg/1024px-State_of_Palestine_%28orthographic_projection%29.svg.png
Panama,PAN,https://en.wikipedia.org/wiki/Panama,https://upload.wikimedia.org/wikipedia/commons/4/4a/Panama_National_Anthem.ogg,https://upload.wikimedia.org/wikipedia/commons/thumb/3/39/PAN_orthographic.svg/1024px-PAN_orthographic.svg.png
Papua New Guinea,PNG,https://en.wikipedia.org/wiki/Papua_New_Guinea,https://upload.wikimedia.org/wikipedia/commons/2/29/O_Arise%2C_All_You_Sons_%28instrumental%29.ogg,https://upload.wikimedia.org/wikipedia/commons/thumb/7/79/Papua_New_Guinea_%28orthographic_projection%29.svg/1024px-Papua_New_Guinea_%28orthographic_projection%29.svg.png
Paraguay,PRY,https://en.wikipedia.org/wiki/Paraguay,https://upload.wikimedia.org/wikipedia/commons/a/a6/Paraguayan_National_Anthem.oga,https://upload.wikimedia.org/wikipedia/commons/thumb/4/4c/PRY_orthographic.svg/1024px-PRY_orthographic.svg.png
Peru,PER,https://en.wikipedia.org/wiki/Peru,https://upload.wikimedia.org/wikipedia/commons/c/cc/United_States_Navy_Band_-_Marcha_Nacional_del_Per%C3%BA.ogg,https://upload.wikimedia.org/wikipedia/commons/thumb/0/07/PER_orthographic.svg/1024px-PER_orthographic.svg.png
Philippines,PHL,https://en.wikipedia.org/wiki/Philippines,https://upload.wikimedia.org/wikipedia/commons/2/2b/Lupang_Hinirang_instrumental.ogg,https://upload.wikimedia.org/wikipedia/commons/thumb/6/6d/PHL_orthographic.svg/1024px-PHL_orthographic.svg.png
Pitcairn,PCN,https://en.wikipedia.org/wiki/Pitcairn,https://upload.wikimedia.org/wikipedia/commons/d/de/United_States_Navy_Band_-_God_Save_the_Queen.ogg,https://upload.wikimedia.org/wikipedia/commons/thumb/4/41/Pitcairn_Islands_in_United_Kingdom.svg/1920px-Pitcairn_Islands_in_United_Kingdom.svg.png
Poland,POL,https://en.wikipedia.org/wiki/Poland,https://upload.wikimedia.org/wikipedia/commons/b/b1/Mazurek_Dabrowskiego.ogg,https://upload.wikimedia.org/wikipedia/commons/thumb/5/57/EU-Poland_%28orthographic_projection%29.svg/1024px-EU-Poland_%28orthographic_projection%29.svg.png
Portugal,PRT,https://en.wikipedia.org/wiki/Portugal,https://upload.wikimedia.org/wikipedia/commons/1/1a/Hino_Nacional_da_Republica_Portuguesa.ogg,https://upload.wikimedia.org/wikipedia/commons/thumb/a/a5/EU-Portugal_%28orthographic_projection%29.svg/600px-EU-Portugal_%28orthographic_projection%29.svg.png
Puerto Rico,PRI,https://en.wikipedia.org/wiki/Puerto_Rico,https://upload.wikimedia.org/wikipedia/commons/8/8d/United_States_Navy_Band_-_La_Borinque%C3%B1a.ogg,https://upload.wikimedia.org/wikipedia/commons/thumb/b/bf/Puerto_Rico_%28orthographic_projection%29.svg/1024px-Puerto_Rico_%28orthographic_projection%29.svg.png
Qatar,QAT,https://en.wikipedia.org/wiki/Qatar,https://upload.wikimedia.org/wikipedia/commons/e/ec/National_anthem_of_Qatar.ogg,https://upload.wikimedia.org/wikipedia/commons/thumb/d/d4/QAT_orthographic.svg/1024px-QAT_orthographic.svg.png
Republic of Kosovo,KOS,https://en.wikipedia.org/wiki/Republic_of_Kosovo,https://upload.wikimedia.org/wikipedia/commons/0/0a/National_Anthem_of_the_Republic_of_Kosovo.ogg,https://upload.wikimedia.org/wikipedia/commons/thumb/1/18/Europe-Republic_of_Kosovo.svg/1280px-Europe-Republic_of_Kosovo.svg.png
R�union,REU,https://en.wikipedia.org/wiki/R�union,https://upload.wikimedia.org/wikipedia/commons/3/30/La_Marseillaise.ogg,https://upload.wikimedia.org/wikipedia/commons/thumb/7/7a/D%C3%A9partement_974_in_France_%28zoom%29.svg/1920px-D%C3%A9partement_974_in_France_%28zoom%29.svg.png
Romania,ROU,https://en.wikipedia.org/wiki/Romania,https://upload.wikimedia.org/wikipedia/commons/7/77/Desteapta-te%2C_romane%21.ogg,https://upload.wikimedia.org/wikipedia/commons/thumb/c/c5/EU-Romania_%28orthographic_projection%29.svg/1024px-EU-Romania_%28orthographic_projection%29.svg.png
Russian Federation,RUS,https://en.wikipedia.org/wiki/Russia,https://upload.wikimedia.org/wikipedia/commons/4/41/National_Anthem_of_Russia_%282000%29%2C_instrumental%2C_one_verse.ogg,https://upload.wikimedia.org/wikipedia/commons/thumb/5/5e/Russian_Federation_%28orthographic_projection%29_-_only_Crimea_disputed.svg/1024px-Russian_Federation_%28orthographic_projection%29_-_only_Crimea_disputed.svg.png
Rwanda,RWA,https://en.wikipedia.org/wiki/Rwanda,https://upload.wikimedia.org/wikipedia/commons/0/0e/Hymne_National_du_Rwanda.ogg,https://upload.wikimedia.org/wikipedia/commons/6/60/Location_Rwanda_AU_Africa.svg
Saint Barth�lemy,BLM,https://en.wikipedia.org/wiki/Saint_Barth�lemy,https://upload.wikimedia.org/wikipedia/commons/3/30/La_Marseillaise.ogg,https://upload.wikimedia.org/wikipedia/commons/thumb/3/3e/Saint_Barthelemy_on_the_globe_%28Americas_centered%29.svg/1024px-Saint_Barthelemy_on_the_globe_%28Americas_centered%29.svg.png
"Saint Helena, Ascension and Tristan da Cunha ",SHN,"https://en.wikipedia.org/wiki/Saint_Helena,_Ascension_and_Tristan_da_Cunha",https://upload.wikimedia.org/wikipedia/commons/d/de/United_States_Navy_Band_-_God_Save_the_Queen.ogg,https://upload.wikimedia.org/wikipedia/commons/thumb/2/24/Saint_Helena%2C_Ascension_and_Tristan_da_Cunha_in_United_Kingdom.svg/1280px-Saint_Helena%2C_Ascension_and_Tristan_da_Cunha_in_United_Kingdom.svg.png
Saint Kitts and Nevis,KNA,https://en.wikipedia.org/wiki/Saint_Kitts_and_Nevis,https://upload.wikimedia.org/wikipedia/commons/3/3f/United_States_Navy_Band_-_O_Land_of_Beauty.ogg,https://upload.wikimedia.org/wikipedia/commons/thumb/5/5d/KNA_orthographic.svg/1024px-KNA_orthographic.svg.png
Saint Lucia,LCA,https://en.wikipedia.org/wiki/Saint_Lucia,https://upload.wikimedia.org/wikipedia/commons/6/6f/National_Anthem_of_Saint_Lucia.ogg,https://upload.wikimedia.org/wikipedia/commons/thumb/9/97/Saint_Lucia_on_the_globe_%28Americas_centered%29.svg/1024px-Saint_Lucia_on_the_globe_%28Americas_centered%29.svg.png
Saint Martin (French part),MAF,https://en.wikipedia.org/wiki/Collectivity_of_Saint_Martin,https://upload.wikimedia.org/wikipedia/commons/a/a5/Sint_Maarten_National_Anthem_%28Instrumental%29_Oh_Sweet_Sint_Maarten_Land.ogg,https://upload.wikimedia.org/wikipedia/commons/thumb/2/2c/Saint_Martin_in_its_region.svg/1920px-Saint_Martin_in_its_region.svg.png
Saint Pierre and Miquelon,SPM,https://en.wikipedia.org/wiki/Saint_Pierre_and_Miquelon,,https://upload.wikimedia.org/wikipedia/commons/thumb/4/49/Saint_Pierre_and_Miquelon_in_France.svg/1920px-Saint_Pierre_and_Miquelon_in_France.svg.png
Saint Vincent and the Grenadines,VCT,https://en.wikipedia.org/wiki/Saint_Vincent_and_the_Grenadines,https://upload.wikimedia.org/wikipedia/commons/b/b3/National_anthem_of_Saint_Vincent_and_the_Grenadines%2C_performed_by_the_United_States_Navy_Band.oga,https://upload.wikimedia.org/wikipedia/commons/thumb/7/70/VCT_orthographic.svg/1024px-VCT_orthographic.svg.png
Samoa,WSM,https://en.wikipedia.org/wiki/Samoa,,https://upload.wikimedia.org/wikipedia/commons/thumb/7/74/Samoa_on_the_globe_%28Polynesia_centered%29.svg/1024px-Samoa_on_the_globe_%28Polynesia_centered%29.svg.png
San Marino,SMR,https://en.wikipedia.org/wiki/San_Marino,https://upload.wikimedia.org/wikipedia/commons/d/d9/Inno_Nazionale_della_Repubblica.ogg,https://upload.wikimedia.org/wikipedia/commons/thumb/7/79/Location_San_Marino_Europe.png/1024px-Location_San_Marino_Europe.png
Sao Tome and Principe,STP,https://en.wikipedia.org/wiki/S�o_Tom�_and_Pr�ncipe,https://upload.wikimedia.org/wikipedia/commons/a/a5/Independ%C3%AAncia_total_%28instrumental%29.ogg,https://upload.wikimedia.org/wikipedia/commons/thumb/3/35/Location_S%C3%A3o_Tom%C3%A9_and_Pr%C3%ADncipe_AU_Africa.svg/1024px-Location_S%C3%A3o_Tom%C3%A9_and_Pr%C3%ADncipe_AU_Africa.svg.png
Saudi Arabia,SAU,https://en.wikipedia.org/wiki/Saudi_Arabia,https://upload.wikimedia.org/wikipedia/commons/6/6d/Saudi_Arabian_national_anthem%2C_performed_by_the_United_States_Navy_Band.oga,https://upload.wikimedia.org/wikipedia/commons/thumb/4/47/Saudi_Arabia_%28orthographic_projection%29.svg/1024px-Saudi_Arabia_%28orthographic_projection%29.svg.png
Senegal,SEN,https://en.wikipedia.org/wiki/Senegal,,https://upload.wikimedia.org/wikipedia/commons/thumb/3/3c/Senegal_%28orthographic_projection%29.svg/1024px-Senegal_%28orthographic_projection%29.svg.png
Serbia,SRB,https://en.wikipedia.org/wiki/Serbia,https://upload.wikimedia.org/wikipedia/commons/d/dd/National_anthem_of_Serbia%2C_performed_by_the_United_States_Navy_Band.wav,https://upload.wikimedia.org/wikipedia/commons/e/e8/Serbia_%28orthographic_projection%29.svg
Seychelles,SYC,https://en.wikipedia.org/wiki/Seychelles,https://upload.wikimedia.org/wikipedia/commons/8/81/Koste_Seselwa_%28instrumental%29.ogg,https://upload.wikimedia.org/wikipedia/commons/thumb/b/bd/Location_Seychelles_AU_Africa.svg/1024px-Location_Seychelles_AU_Africa.svg.png
Sierra Leone,SLE,https://en.wikipedia.org/wiki/Sierra_Leone,https://upload.wikimedia.org/wikipedia/en/6/69/Sierra_Leone%27s_national_anthem.ogg,https://upload.wikimedia.org/wikipedia/commons/thumb/3/38/Sierra_Leone_%28orthographic_projection%29.svg/1024px-Sierra_Leone_%28orthographic_projection%29.svg.png
Singapore,SGP,https://en.wikipedia.org/wiki/Singapore,https://upload.wikimedia.org/wikipedia/commons/7/74/Majulah_Singapura.ogg,https://upload.wikimedia.org/wikipedia/commons/3/37/Singapore_on_the_globe_%28Southeast_Asia_centered%29_zoom.svg
Sint Maarten (Dutch part),SXM,https://en.wikipedia.org/wiki/Sint_Maarten,https://upload.wikimedia.org/wikipedia/commons/a/a5/Sint_Maarten_National_Anthem_%28Instrumental%29_Oh_Sweet_Sint_Maarten_Land.ogg,https://upload.wikimedia.org/wikipedia/commons/thumb/3/3e/Sint_Maarten_in_its_region.svg/1920px-Sint_Maarten_in_its_region.svg.png
Slovakia,SVK,https://en.wikipedia.org/wiki/Slovakia,https://upload.wikimedia.org/wikipedia/commons/e/e8/Nad_Tatrou_sa_bl%C3%BDska.ogg,https://upload.wikimedia.org/wikipedia/commons/thumb/1/1d/EU-Slovakia.svg/1280px-EU-Slovakia.svg.png
Slovenia,SVN,https://en.wikipedia.org/wiki/Slovenia,https://upload.wikimedia.org/wikipedia/commons/3/30/Slovenia%27s_national_anthem%2C_performed_by_the_United_States_Navy_Band.oga,https://upload.wikimedia.org/wikipedia/commons/thumb/8/84/EU-Slovenia.svg/1280px-EU-Slovenia.svg.png
Solomon Islands,SLB,https://en.wikipedia.org/wiki/Solomon_Islands,https://upload.wikimedia.org/wikipedia/commons/d/de/United_States_Navy_Band_-_God_Save_the_Queen.ogg,https://upload.wikimedia.org/wikipedia/commons/thumb/8/8a/Solomon_Islands_on_the_globe_%28Oceania_centered%29.svg/1024px-Solomon_Islands_on_the_globe_%28Oceania_centered%29.svg.png
Somalia,SOM,https://en.wikipedia.org/wiki/Somalia,https://upload.wikimedia.org/wikipedia/commons/4/4e/Somali_national_anthem%2C_performed_by_the_United_States_Navy_Band.oga,https://upload.wikimedia.org/wikipedia/commons/thumb/4/4c/Somalia_%28orthographic_projection%29.svg/1024px-Somalia_%28orthographic_projection%29.svg.png
South Africa,ZAF,https://en.wikipedia.org/wiki/South_Africa,https://upload.wikimedia.org/wikipedia/commons/1/1d/South_African_national_anthem.oga,https://upload.wikimedia.org/wikipedia/commons/thumb/6/6e/South_Africa_%28orthographic_projection%29.svg/800px-South_Africa_%28orthographic_projection%29.svg.png
South Georgia and the South Sandwich Islands,SGS,https://en.wikipedia.org/wiki/South_Georgia_and_the_South_Sandwich_Islands,https://upload.wikimedia.org/wikipedia/commons/d/de/United_States_Navy_Band_-_God_Save_the_Queen.ogg,https://upload.wikimedia.org/wikipedia/commons/thumb/c/c5/South_Georgia_and_the_South_Sandwich_Islands_in_United_Kingdom.svg/1024px-South_Georgia_and_the_South_Sandwich_Islands_in_United_Kingdom.svg.png
South Sudan,SSD,https://en.wikipedia.org/wiki/South_Sudan,https://upload.wikimedia.org/wikipedia/commons/1/16/South_Sudan_Oyee%21_%28instrumental%29.ogg,https://upload.wikimedia.org/wikipedia/commons/thumb/4/4f/South_Sudan_%28orthographic_projection%29_highlighted.svg/1024px-South_Sudan_%28orthographic_projection%29_highlighted.svg.png
Spain,ESP,https://en.wikipedia.org/wiki/Spain,https://upload.wikimedia.org/wikipedia/commons/8/81/Himno_Nacional_de_Espa%C3%B1a.ogg,https://upload.wikimedia.org/wikipedia/commons/thumb/2/21/EU-Spain.svg/1280px-EU-Spain.svg.png
Sri Lanka,LKA,https://en.wikipedia.org/wiki/Sri_Lanka,https://upload.wikimedia.org/wikipedia/commons/8/8c/Sri_Lankan_national_anthem%2C_performed_by_the_United_States_Navy_Band.oga,https://upload.wikimedia.org/wikipedia/commons/thumb/9/96/Sri_Lanka_%28orthographic_projection%29.svg/1024px-Sri_Lanka_%28orthographic_projection%29.svg.png
Sudan,SDN,https://en.wikipedia.org/wiki/Sudan,https://upload.wikimedia.org/wikipedia/commons/9/9c/Sudanese_national_anthem%2C_performed_by_the_U.S._Navy_Band.oga,https://upload.wikimedia.org/wikipedia/commons/thumb/f/f8/Sudan_%28orthographic_projection%29_highlighted.svg/1024px-Sudan_%28orthographic_projection%29_highlighted.svg.png
Suriname,SUR,https://en.wikipedia.org/wiki/Suriname,https://upload.wikimedia.org/wikipedia/commons/d/d9/Surinamese_national_anthem%2C_performed_by_the_U.S._Navy_Band.ogg,https://upload.wikimedia.org/wikipedia/commons/thumb/7/72/SUR_orthographic.svg/1024px-SUR_orthographic.svg.png
Svalbard and Jan Mayen,SJM,https://en.wikipedia.org/wiki/Svalbard_and_Jan_Mayen,,https://upload.wikimedia.org/wikipedia/commons/thumb/9/9c/Svalbard_and_Jan_Mayen_in_the_world_%28W3%29.svg/1920px-Svalbard_and_Jan_Mayen_in_the_world_%28W3%29.svg.png
Swaziland,SWZ,https://en.wikipedia.org/wiki/Eswatini,https://upload.wikimedia.org/wikipedia/commons/2/22/Nkulunkulu_Mnikati_wetibusiso_temaSwati_%28instrumental%29.ogg,https://upload.wikimedia.org/wikipedia/commons/thumb/c/c4/Location_Eswatini_AU_Africa.svg/1024px-Location_Eswatini_AU_Africa.svg.png
Sweden,SWE,https://en.wikipedia.org/wiki/Sweden,https://upload.wikimedia.org/wikipedia/commons/0/02/United_States_Navy_Band_-_Sweden.ogg,https://upload.wikimedia.org/wikipedia/commons/thumb/c/c2/EU-Sweden_%28orthographic_projection%29.svg/1024px-EU-Sweden_%28orthographic_projection%29.svg.png
Switzerland,CHE,https://en.wikipedia.org/wiki/Switzerland,https://upload.wikimedia.org/wikipedia/commons/0/00/Swiss_Psalm.ogg,https://upload.wikimedia.org/wikipedia/commons/thumb/6/61/Europe-Switzerland.svg/1280px-Europe-Switzerland.svg.png
Syrian Arab Republic,SYR,https://en.wikipedia.org/wiki/Syria,https://upload.wikimedia.org/wikipedia/commons/f/fc/National_Anthem_of_Syria.ogg,https://upload.wikimedia.org/wikipedia/commons/thumb/1/11/Syria_%28orthographic_projection%29.svg/1024px-Syria_%28orthographic_projection%29.svg.png
Taiwan,TWN,https://en.wikipedia.org/wiki/Taiwan,https://upload.wikimedia.org/wikipedia/commons/b/be/National_anthem_of_the_Republic_of_China_%28Taiwan%29_%E4%B8%AD%E8%8F%AF%E6%B0%91%E5%9C%8B%E5%9C%8B%E6%AD%8C%28%E6%BC%94%E5%A5%8F%E7%89%88%29.ogg,https://upload.wikimedia.org/wikipedia/commons/thumb/f/f5/Island_of_Taiwan_%28orthographic_projection%29.svg/1024px-Island_of_Taiwan_%28orthographic_projection%29.svg.png
Tajikistan,TJK,https://en.wikipedia.org/wiki/Tajikistan,https://upload.wikimedia.org/wikipedia/commons/0/01/National_anthem_of_Tajikistan%2C_performed_by_the_U.S._Navy_Band.flac,https://upload.wikimedia.org/wikipedia/commons/thumb/a/a1/Tajikistan_%28orthographic_projection%29.svg/1024px-Tajikistan_%28orthographic_projection%29.svg.png
"Tanzania, United Republic of ",TZA,https://en.wikipedia.org/wiki/Tanzania,https://upload.wikimedia.org/wikipedia/commons/c/c4/Tanzanian_national_anthem%2C_performed_by_the_United_States_Navy_Band.oga,https://upload.wikimedia.org/wikipedia/commons/thumb/3/3f/Tanzania_%28orthographic_projection%29.svg/1024px-Tanzania_%28orthographic_projection%29.svg.png
Thailand,THA,https://en.wikipedia.org/wiki/Thailand,https://upload.wikimedia.org/wikipedia/commons/f/f3/Thai_National_Anthem_-_US_Navy_Band.ogg,https://upload.wikimedia.org/wikipedia/commons/thumb/6/6d/Thailand_%28orthographic_projection%29.svg/1024px-Thailand_%28orthographic_projection%29.svg.png
Timor-Leste,TLS,https://en.wikipedia.org/wiki/East_Timor,https://upload.wikimedia.org/wikipedia/commons/2/20/East_Timorese_national_anthem.wav,https://upload.wikimedia.org/wikipedia/commons/thumb/9/9f/Improved_Quality_Timor_Leste_Map.png/800px-Improved_Quality_Timor_Leste_Map.png
Togo,TGO,https://en.wikipedia.org/wiki/Togo,https://upload.wikimedia.org/wikipedia/en/0/03/Togo%27s_national_anthem_%28instrumental%29.ogg,https://upload.wikimedia.org/wikipedia/commons/thumb/1/1b/Location_Togo_AU_Africa.svg/1024px-Location_Togo_AU_Africa.svg.png
Tokelau,TKL,https://en.wikipedia.org/wiki/Tokelau,,https://upload.wikimedia.org/wikipedia/commons/thumb/0/0c/New_Zealand_on_the_globe_%28Tokelau_special%29_%28small_islands_magnified%29_%28Polynesia_centered%29.svg/800px-New_Zealand_on_the_globe_%28Tokelau_special%29_%28small_islands_magnified%29_%28Polynesia_centered%29.svg.png
Tonga,TON,https://en.wikipedia.org/wiki/Tonga,https://upload.wikimedia.org/wikipedia/commons/1/18/Ko_e_fasi_%CA%BBo_e_tu%CA%BBi_%CA%BBo_e_%CA%BBOtu_Tonga.ogg,https://upload.wikimedia.org/wikipedia/commons/thumb/c/ce/Tonga_on_the_globe_%28Polynesia_centered%29.svg/800px-Tonga_on_the_globe_%28Polynesia_centered%29.svg.png
Trinidad and Tobago,TTO,https://en.wikipedia.org/wiki/Trinidad_and_Tobago,https://upload.wikimedia.org/wikipedia/commons/a/ae/Forged_from_the_Love_of_Liberty_%28instrumental%29.ogg,https://upload.wikimedia.org/wikipedia/commons/thumb/e/ed/Trinidad_and_Tobago_%28orthographic_projection%29.svg/550px-Trinidad_and_Tobago_%28orthographic_projection%29.svg.png
Tunisia,TUN,https://en.wikipedia.org/wiki/Tunisia,https://upload.wikimedia.org/wikipedia/commons/2/23/Humat_al-Hima.ogg,https://upload.wikimedia.org/wikipedia/commons/thumb/3/3f/Tunisia_location_%28orthographic_projection%29.svg/800px-Tunisia_location_%28orthographic_projection%29.svg.png
Turkey,TUR,https://en.wikipedia.org/wiki/Turkey,https://upload.wikimedia.org/wikipedia/commons/9/99/Istikl%C3%A2l_Marsi_instrumetal.ogg,https://upload.wikimedia.org/wikipedia/commons/thumb/d/dd/Turkey_%28orthographic_projection%29.svg/800px-Turkey_%28orthographic_projection%29.svg.png
Turkmenistan,TKM,https://en.wikipedia.org/wiki/Turkmenistan,https://upload.wikimedia.org/wikipedia/commons/f/f0/National_anthem_of_Turkmenistan%2C_performed_by_the_United_States_Navy_Band.oga,https://upload.wikimedia.org/wikipedia/commons/thumb/d/d1/Turkmenistan_on_the_globe_%28Afro-Eurasia_centered%29.svg/800px-Turkmenistan_on_the_globe_%28Afro-Eurasia_centered%29.svg.png
Turks and Caicos Islands,TCA,https://en.wikipedia.org/wiki/Turks_and_Caicos_Islands,https://upload.wikimedia.org/wikipedia/commons/d/de/United_States_Navy_Band_-_God_Save_the_Queen.ogg,https://upload.wikimedia.org/wikipedia/commons/thumb/3/39/Turks_and_Caicos_Islands_in_United_Kingdom_%28special_marker%29.svg/1920px-Turks_and_Caicos_Islands_in_United_Kingdom_%28special_marker%29.svg.png
Tuvalu,TUV,https://en.wikipedia.org/wiki/Tuvalu,https://upload.wikimedia.org/wikipedia/commons/d/de/United_States_Navy_Band_-_God_Save_the_Queen.ogg,https://upload.wikimedia.org/wikipedia/commons/thumb/2/2b/Tuvalu_on_the_globe_%28Polynesia_centered%29.svg/800px-Tuvalu_on_the_globe_%28Polynesia_centered%29.svg.png
Uganda,UGA,https://en.wikipedia.org/wiki/Uganda,https://upload.wikimedia.org/wikipedia/commons/6/64/Ugandan_national_anthem%2C_performed_by_the_U.S._Navy_Band.ogg,https://upload.wikimedia.org/wikipedia/commons/thumb/1/1d/Uganda_%28orthographic_projection%29.svg/800px-Uganda_%28orthographic_projection%29.svg.png
Ukraine,UKR,https://en.wikipedia.org/wiki/Ukraine,,https://upload.wikimedia.org/wikipedia/commons/thumb/f/ff/Europe-Ukraine_%28%D0%B8_%D0%BD%D0%B5_%D0%BA%D0%BE%D0%BD%D1%82%D1%80%D0%BE%D0%BB%D0%B8%D1%80%D1%83%D0%B5%D0%BC%D1%8B%D0%B5%29.png/250px-Europe-Ukraine_%28%D0%B8_%D0%BD%D0%B5_%D0%BA%D0%BE%D0%BD%D1%82%D1%80%D0%BE%D0%BB%D0%B8%D1%80%D1%83%D0%B5%D0%BC%D1%8B%D0%B5%29.png
United Arab Emirates,ARE,https://en.wikipedia.org/wiki/United_Arab_Emirates,https://upload.wikimedia.org/wikipedia/commons/3/3e/%22Ishy_Bilady%22_performed_by_the_United_States_Navy_Band.oga,https://upload.wikimedia.org/wikipedia/commons/thumb/c/cd/United_Arab_Emirates_%28orthographic_projection%29.svg/800px-United_Arab_Emirates_%28orthographic_projection%29.svg.png
United Kingdom of Great Britain and Northern Ireland,GBR,https://en.wikipedia.org/wiki/United_Kingdom,https://upload.wikimedia.org/wikipedia/commons/d/de/United_States_Navy_Band_-_God_Save_the_Queen.ogg,https://upload.wikimedia.org/wikipedia/commons/d/da/Europe-UK_%28orthographic_projection%29.svg
United States Minor Outlying Islands,UMI,https://en.wikipedia.org/wiki/United_States_Minor_Outlying_Islands,https://upload.wikimedia.org/wikipedia/commons/5/5e/%22The_Star-Spangled_Banner%22_-_Choral_with_band_accompaniment_-_United_States_Army_Field_Band.oga,https://upload.wikimedia.org/wikipedia/commons/7/72/United_States_Minor_Outlying_Islands.png
United States of America,USA,https://en.wikipedia.org/wiki/United_States,https://upload.wikimedia.org/wikipedia/commons/5/5e/%22The_Star-Spangled_Banner%22_-_Choral_with_band_accompaniment_-_United_States_Army_Field_Band.oga,https://upload.wikimedia.org/wikipedia/commons/thumb/d/dc/USA_orthographic.svg/800px-USA_orthographic.svg.png
Uruguay,URY,https://en.wikipedia.org/wiki/Uruguay,https://upload.wikimedia.org/wikipedia/commons/2/2b/United_States_Navy_Band_-_National_Anthem_of_Uruguay_%28complete%29.ogg,https://upload.wikimedia.org/wikipedia/commons/thumb/4/43/URY_orthographic.svg/1024px-URY_orthographic.svg.png
Uzbekistan,UZB,https://en.wikipedia.org/wiki/Uzbekistan,https://upload.wikimedia.org/wikipedia/commons/b/b7/Anthem-of-uzbekistan-1992.ogg,https://upload.wikimedia.org/wikipedia/commons/thumb/7/76/%D0%A3%D0%B7%D0%B1%D0%B5%D0%BA%D0%B8%D1%81%D1%82%D0%B0%D0%BD_%D0%BD%D0%B0_%D0%B3%D0%BB%D0%BE%D0%B1%D1%83%D1%81%D0%B5.svg/1024px-%D0%A3%D0%B7%D0%B1%D0%B5%D0%BA%D0%B8%D1%81%D1%82%D0%B0%D0%BD_%D0%BD%D0%B0_%D0%B3%D0%BB%D0%BE%D0%B1%D1%83%D1%81%D0%B5.svg.png
Vanuatu,VUT,https://en.wikipedia.org/wiki/Vanuatu,https://commons.wikimedia.org/w/index.php?title=File%3AUnited_States_Navy_Band_-_Yumi%2C_Yumi%2C_Yumi.ogg,https://upload.wikimedia.org/wikipedia/commons/thumb/d/d9/Vanuatu_on_the_globe_%28Polynesia_centered%29.svg/800px-Vanuatu_on_the_globe_%28Polynesia_centered%29.svg.png
Venezuela (Bolivarian Republic of),VEN,https://en.wikipedia.org/wiki/Venezuela,https://upload.wikimedia.org/wikipedia/commons/f/f0/United_States_Navy_Band_-_Gloria_al_Bravo_Pueblo.ogg,https://upload.wikimedia.org/wikipedia/commons/thumb/0/05/Venezuela_Orthographic_Map.svg/550px-Venezuela_Orthographic_Map.svg.png
Viet Nam,VNM,https://en.wikipedia.org/wiki/Vietnam,https://upload.wikimedia.org/wikipedia/en/5/56/Ti%E1%BA%BFn_Qu%C3%A2n_Ca.ogg,https://upload.wikimedia.org/wikipedia/commons/thumb/2/28/Vietnam_%28orthographic_projection%29.svg/1024px-Vietnam_%28orthographic_projection%29.svg.png
Virgin Islands (British),VGB,https://en.wikipedia.org/wiki/British_Virgin_Islands,https://upload.wikimedia.org/wikipedia/commons/d/de/United_States_Navy_Band_-_God_Save_the_Queen.ogg,https://upload.wikimedia.org/wikipedia/commons/thumb/e/ef/British_Virgin_Islands_in_United_Kingdom.svg/1920px-British_Virgin_Islands_in_United_Kingdom.svg.png
Virgin Islands (U.S.),VIR,https://en.wikipedia.org/wiki/United_States_Virgin_Islands,https://upload.wikimedia.org/wikipedia/commons/7/74/Regional_anthem_of_the_United_States_Virgin_Islands.wav,https://upload.wikimedia.org/wikipedia/commons/thumb/f/f3/United_States_Virgin_Islands_on_the_globe_%28Americas_centered%29.svg/1024px-United_States_Virgin_Islands_on_the_globe_%28Americas_centered%29.svg.png
Wallis and Futuna,WLF,https://en.wikipedia.org/wiki/Wallis_and_Futuna,https://upload.wikimedia.org/wikipedia/commons/3/30/La_Marseillaise.ogg,https://upload.wikimedia.org/wikipedia/commons/thumb/2/23/Wallis_and_Futuna_on_the_globe_%28Polynesia_centered%29.svg/1024px-Wallis_and_Futuna_on_the_globe_%28Polynesia_centered%29.svg.png
Western Sahara,ESH,https://en.wikipedia.org/wiki/Western_Sahara,,https://upload.wikimedia.org/wikipedia/commons/thumb/e/eb/Western_Sahara_%28orthographic_projection%29.svg/800px-Western_Sahara_%28orthographic_projection%29.svg.png
Yemen,YEM,https://en.wikipedia.org/wiki/Yemen,https://upload.wikimedia.org/wikipedia/commons/1/13/United_States_Navy_Band_-_United_Republic.ogg,https://upload.wikimedia.org/wikipedia/commons/thumb/f/f1/Yemen_%28orthographic_projection%29.svg/800px-Yemen_%28orthographic_projection%29.svg.png
Zambia,ZMB,https://en.wikipedia.org/wiki/Zambia,https://commons.wikimedia.org/w/index.php?title=File%3AZambian_national_anthem.oga,https://upload.wikimedia.org/wikipedia/commons/thumb/2/26/Zambia_%28orthographic_projection%29.svg/800px-Zambia_%28orthographic_projection%29.svg.png
Zimbabwe,ZWE,https://en.wikipedia.org/wiki/Zimbabwe,https://commons.wikimedia.org/w/index.php?title=File%3AZimbabwe_National_Anthem.ogg,https://upload.wikimedia.org/wikipedia/commons/thumb/5/50/Zimbabwe_%28orthographic_projection%29.svg/800px-Zimbabwe_%28orthographic_projection%29.svg.png
